{
  "rank": 8,
  "final_test_accuracy": 0.8989014251781473,
  "final_test_f1": 0.9095977698128236,
  "final_val_accuracy": 0.8930798930798931,
  "final_val_f1": 0.9028602266594711,
  "total_parameters": 67694596,
  "trainable_parameters": 739586,
  "trainable_percentage": 1.0925332946813067,
  "total_training_time": 2405.532859802246,
  "average_epoch_time": 226.55886814594268,
  "epoch_times": [
    227.18823957443237,
    228.06548357009888,
    227.64365124702454,
    228.66132807731628,
    226.78703451156616,
    225.92056012153625,
    225.55947279930115,
    225.26665353775024,
    225.25009274482727,
    225.24616527557373
  ],
  "epoch_accuracies": [
    0.8708048708048708,
    0.8806058806058806,
    0.8825363825363826,
    0.8862488862488862,
    0.8886248886248886,
    0.8887733887733887,
    0.8907038907038907,
    0.8912978912978913,
    0.8933768933768934,
    0.8930798930798931
  ],
  "epoch_f1s": [
    0.8805601317957167,
    0.8910864264426984,
    0.8941239459242404,
    0.8965424095083738,
    0.8988945807495282,
    0.8986331032616051,
    0.9009954264191552,
    0.9016393442622951,
    0.9024986420423683,
    0.9028602266594711
  ],
  "convergence_epoch": 10,
  "time_to_convergence": 2265.588681459427,
  "peak_gpu_memory_mb": 808.3564453125
}