{
  "rank": 2,
  "final_test_accuracy": 0.8896971496437055,
  "final_test_f1": 0.9014719533218406,
  "final_val_accuracy": 0.8852093852093852,
  "final_val_f1": 0.8953567077297956,
  "total_parameters": 67584004,
  "trainable_parameters": 628994,
  "trainable_percentage": 0.9306847223789819,
  "total_training_time": 2422.8470005989075,
  "average_epoch_time": 228.29925825595856,
  "epoch_times": [
    229.63108325004578,
    228.89714694023132,
    228.37953996658325,
    228.2258005142212,
    228.77631497383118,
    228.14582347869873,
    226.71820616722107,
    228.34219121932983,
    227.86246848106384,
    228.01400756835938
  ],
  "epoch_accuracies": [
    0.8659043659043659,
    0.8708048708048708,
    0.8752598752598753,
    0.8788238788238788,
    0.8816453816453816,
    0.8823878823878823,
    0.8837243837243838,
    0.8849123849123849,
    0.8844668844668845,
    0.8852093852093852
  ],
  "epoch_f1s": [
    0.8763860369609856,
    0.8819538670284939,
    0.887248322147651,
    0.8893709327548807,
    0.8923700202565834,
    0.8927120021674343,
    0.8947439171931711,
    0.8955384822752392,
    0.8940920228695889,
    0.8953567077297956
  ],
  "convergence_epoch": 8,
  "time_to_convergence": 1827.1161065101624,
  "peak_gpu_memory_mb": 808.0390625
}