{
  "rank": 16,
  "final_test_accuracy": 0.9049881235154394,
  "final_test_f1": 0.914598345342941,
  "final_val_accuracy": 0.8987228987228987,
  "final_val_f1": 0.9079373650107991,
  "total_parameters": 67842052,
  "trainable_parameters": 887042,
  "trainable_percentage": 1.307510568813573,
  "total_training_time": 2412.663239002228,
  "average_epoch_time": 227.23992676734923,
  "epoch_times": [
    227.3936367034912,
    227.42730951309204,
    227.26435613632202,
    228.03525710105896,
    226.5351061820984,
    227.425128698349,
    227.90335202217102,
    228.29407858848572,
    225.78361201286316,
    226.3374307155609
  ],
  "epoch_accuracies": [
    0.8758538758538759,
    0.8841698841698842,
    0.888921888921889,
    0.8915948915948916,
    0.8932283932283932,
    0.8970893970893971,
    0.896940896940897,
    0.8973863973863974,
    0.9000594000594001,
    0.8987228987228987
  ],
  "epoch_f1s": [
    0.8854794520547945,
    0.8946799891979476,
    0.8999197217018999,
    0.9018289402904788,
    0.9035287803569032,
    0.9060848353435424,
    0.9065193965517241,
    0.9071610909579471,
    0.9087952297059222,
    0.9079373650107991
  ],
  "convergence_epoch": 9,
  "time_to_convergence": 2046.0618369579315,
  "peak_gpu_memory_mb": 812.3896484375
}