{
  "rank": 4,
  "final_test_accuracy": 0.892814726840855,
  "final_test_f1": 0.9044467972472208,
  "final_val_accuracy": 0.888921888921889,
  "final_val_f1": 0.898918918918919,
  "total_parameters": 67620868,
  "trainable_parameters": 665858,
  "trainable_percentage": 0.9846930684178736,
  "total_training_time": 2422.0438396930695,
  "average_epoch_time": 228.24831738471985,
  "epoch_times": [
    228.02042436599731,
    227.64279747009277,
    227.82794404029846,
    227.7843999862671,
    227.74887800216675,
    230.14933562278748,
    228.127779006958,
    228.30432081222534,
    228.52369284629822,
    228.35360169410706
  ],
  "epoch_accuracies": [
    0.867983367983368,
    0.8765963765963766,
    0.8794178794178794,
    0.8825363825363826,
    0.8850608850608851,
    0.8868428868428868,
    0.8881793881793881,
    0.8895158895158896,
    0.8901098901098901,
    0.888921888921889
  ],
  "epoch_f1s": [
    0.8780353958018933,
    0.8874746106973596,
    0.8911236256369,
    0.8930358350236647,
    0.8954619124797407,
    0.8968039003250271,
    0.8987494957644211,
    0.8999462076385153,
    0.8993744900734294,
    0.898918918918919
  ],
  "convergence_epoch": 8,
  "time_to_convergence": 1825.6058793067932,
  "peak_gpu_memory_mb": 806.7626953125
}